{"cameraMode":{"drawMode":0,"name":"Shaded","section":"Shading Mode"},"sceneLighting":true,"audioPlay":false,"sceneViewState":{"m_AlwaysRefresh":false,"showFog":true,"showSkybox":true,"showFlares":true,"showImageEffects":true,"showParticleSystems":true,"showVisualEffectGraphs":true,"m_FxEnabled":true},"in2DMode":false,"pivot":{"x":538.783447265625,"y":40.742950439453128,"z":430.9883728027344},"rotation":{"x":0.0031496479641646148,"y":-0.9587574005126953,"z":0.28401631116867068,"w":0.0106406444683671},"size":0.5401355028152466,"orthographic":false}