{"cameraMode":{"drawMode":0,"name":"Shaded","section":"Shading Mode"},"sceneLighting":true,"audioPlay":false,"sceneViewState":{"m_AlwaysRefresh":false,"showFog":true,"showSkybox":true,"showFlares":true,"showImageEffects":true,"showParticleSystems":true,"showVisualEffectGraphs":true,"m_FxEnabled":true},"in2DMode":false,"pivot":{"x":497.8038635253906,"y":305.1902770996094,"z":292.4675598144531},"rotation":{"x":0.5549619793891907,"y":-0.0049751452170312408,"z":0.003353708889335394,"w":0.8318882584571838},"size":60.76679229736328,"orthographic":false}