{"cameraMode":{"drawMode":0,"name":"Shaded","section":"Shading Mode"},"sceneLighting":true,"audioPlay":false,"sceneViewState":{"m_AlwaysRefresh":false,"showFog":true,"showSkybox":true,"showFlares":true,"showImageEffects":true,"showParticleSystems":true,"showVisualEffectGraphs":true,"m_FxEnabled":true},"in2DMode":false,"pivot":{"x":523.4743041992188,"y":38.43024444580078,"z":424.40582275390627},"rotation":{"x":0.027662374079227449,"y":-0.6290051341056824,"z":-0.022545216605067254,"w":-0.7767003774642944},"size":1.2869962453842164,"orthographic":false}