{"cameraMode":{"drawMode":0,"name":"Shaded","section":"Shading Mode"},"sceneLighting":true,"audioPlay":false,"sceneViewState":{"m_AlwaysRefresh":false,"showFog":true,"showSkybox":true,"showFlares":true,"showImageEffects":true,"showParticleSystems":true,"showVisualEffectGraphs":true,"m_FxEnabled":true},"in2DMode":false,"pivot":{"x":523.163330078125,"y":44.047183990478519,"z":446.02520751953127},"rotation":{"x":0.0038974203635007145,"y":-0.9868829846382141,"z":0.1600852906703949,"w":0.024616077542304994},"size":7.391122817993164,"orthographic":false}