{"cameraMode":{"drawMode":0,"name":"Shaded","section":"Shading Mode"},"sceneLighting":false,"audioPlay":false,"sceneViewState":{"m_AlwaysRefresh":false,"showFog":true,"showSkybox":false,"showFlares":true,"showImageEffects":true,"showParticleSystems":true,"showVisualEffectGraphs":true,"m_FxEnabled":true},"in2DMode":false,"pivot":{"x":0.013417623937129975,"y":-0.003289591521024704,"z":-0.14066196978092194},"rotation":{"x":-0.33285388350486758,"y":-0.0008614285616204143,"z":0.00025352774537168443,"w":-0.9430311918258667},"size":0.31875860691070559,"orthographic":false}