{"cameraMode":{"drawMode":0,"name":"Shaded","section":"Shading Mode"},"sceneLighting":false,"audioPlay":false,"sceneViewState":{"m_AlwaysRefresh":false,"showFog":true,"showSkybox":false,"showFlares":true,"showImageEffects":true,"showParticleSystems":true,"showVisualEffectGraphs":true,"m_FxEnabled":true},"in2DMode":false,"pivot":{"x":0.27212774753570559,"y":2.4792139530181886,"z":0.4298417270183563},"rotation":{"x":-0.0843246802687645,"y":0.9062525629997253,"z":-0.21631713211536408,"w":-0.3532750606536865},"size":0.0739932730793953,"orthographic":false}