{"cameraMode":{"drawMode":0,"name":"Shaded","section":"Shading Mode"},"sceneLighting":false,"audioPlay":false,"sceneViewState":{"m_AlwaysRefresh":false,"showFog":true,"showSkybox":false,"showFlares":true,"showImageEffects":true,"showParticleSystems":true,"showVisualEffectGraphs":true,"m_FxEnabled":true},"in2DMode":false,"pivot":{"x":0.0005750805139541626,"y":0.009763006120920182,"z":0.0029114000499248506},"rotation":{"x":-0.0845651775598526,"y":0.7664760947227478,"z":-0.10319574177265167,"w":-0.6283501386642456},"size":0.18284139037132264,"orthographic":false}